coordinates,Country,maps_url,type,info/comments,config type,name
"41.092545, -81.557472",United States,"https://www.google.com/maps/place/41%C2%B005'33.2%22N+81%C2%B033'26.9%22W/@41.0925449,-81.5619567,17z/data=!3m1!4b1!4m9!1m2!2m1!1sSunset+View+Drive,+Akron,+OH!3m5!1s0x0:0x9750e994b0298e4a!7e2!8m2!3d41.0925446!4d-81.5574717",Flock Camera,Corner of delia/sunset view,Config 1,
"41.093065, -81.556214",United States,"https://www.google.com/maps/place/41%C2%B005'35.0%22N+81%C2%B033'22.4%22W/@41.0930649,-81.5606987,17z/data=!3m1!4b1!4m9!1m2!2m1!1sSunset+View+Drive,+Akron,+OH!3m5!1s0x0:0xba753e90dba4f019!7e2!8m2!3d41.0930646!4d-81.5562143",Flock Camera,Corner of storer/grand ave,Config 1,
"41.092574, -81.546380",United States,"https://www.google.com/maps/place/41%C2%B005'32.2%22N+81%C2%B032'46.9%22W/@41.0925059,-81.5465119,19z/data=!4m5!3m4!1s0x0:0x6eef09f4b215e74!8m2!3d41.092282!4d-81.546355",Flock Camera,Corner of Delia/Exchange,Config 1,
,United States,"https://www.google.com/maps/place/41%C2%B005'33.3%22N+81%C2%B032'47.0%22W/@41.092578,-81.5485687,17z/data=!3m1!4b1!4m5!3m4!1s0x0:0x1ce8a67e0aea555b!8m2!3d41.092574!4d-81.54638",Flock Camera,Corner of Hollinger/Exchange,Config 1,
"41.092364, -81.554983",United States,"https://www.google.com/maps/place/41%C2%B005'32.5%22N+81%C2%B033'17.9%22W/@41.092366,-81.5572253,18z/data=!3m1!4b1!4m9!1m2!2m1!1sSunset+View+Drive,+Akron,+OH!3m5!1s0x0:0x6c03f7359ab001b7!7e2!8m2!3d41.0923642!4d-81.554983",Flock Camera,,Config 1,
"41.091871, -81.556254",United States,"https://www.google.com/maps/place/41%C2%B005'30.7%22N+81%C2%B033'22.5%22W/@41.091873,-81.5584963,18z/data=!3m1!4b1!4m9!1m2!2m1!1sSunset+View+Drive,+Akron,+OH!3m5!1s0x0:0x51d7a61a355e698f!7e2!8m2!3d41.0918707!4d-81.5562544",Flock Camera,,Config 1,
"41.083722, -81.534547",United States,"https://www.google.com/maps/place/41%C2%B005'01.4%22N+81%C2%B032'04.4%22W/@41.083724,-81.5367893,518m/data=!3m2!1e3!4b1!4m9!1m2!2m1!1sSunset+View+Drive,+Akron,+OH!3m5!1s0x0:0x381c977e775f45fb!7e2!8m2!3d41.0837224!4d-81.5345472",Flock Camera,Parking lot on exchange st,Config 1,
"41.063096, -81.466744",United States,"https://www.google.com/maps/place/41%C2%B003'47.2%22N+81%C2%B028'00.3%22W/@41.063097,-81.4672912,259m/data=!3m2!1e3!4b1!4m14!1m7!3m6!1s0x8831297483263773:0x92d63c6a2b63136d!2s27+Brittain+Rd,+Akron,+OH+44305!3b1!8m2!3d41.0630736!4d-81.4665406!3m5!1s0x0:0x4f605a5bb8771ff3!7e2!8m2!3d41.0630958!4d-81.4667445",Flock Camera,Facing East CLC,Config 1,
"41.050654, -81.541365",United States,"https://www.google.com/maps/place/41%C2%B003'02.4%22N+81%C2%B032'28.9%22W/@41.0506569,-81.5429126,17z/data=!3m1!4b1!4m6!3m5!1s0x0:0xea095d67cdb5b1db!7e2!8m2!3d41.0506538!4d-81.5413652",Flock Camera,Kenmore/Lakeshore,Config 1,
"41.045476, -81.547339",United States,"https://www.google.com/maps/place/41%C2%B002'43.7%22N+81%C2%B032'50.4%22W/@41.0456995,-81.5479988,259m/data=!3m1!1e3!4m5!3m4!1s0x0:0x2de61c770ac3d035!8m2!3d41.045476!4d-81.547339",Flock Camera,Near Kenmore/Manchester bypass,Config 1,
41.045508 -81.5473395,United States,"https://www.google.com/maps/place/41%C2%B002'43.8%22N+81%C2%B032'50.4%22W/@41.045509,-81.5478867,259m/data=!3m2!1e3!4b1!4m5!3m4!1s0x0:0x87b7f95853910fa6!8m2!3d41.045508!4d-81.5473395",Flock Camera,Near Kenmore/Manchester Bypass,Config 1,
"41.041840, -81.562425",United States,"https://www.google.com/maps/place/41%C2%B002'30.6%22N+81%C2%B033'44.7%22W/@41.041841,-81.5635462,259m/data=!3m2!1e3!4b1!4m14!1m7!3m6!1s0x0:0x87b7f95853910fa6!2zNDHCsDAyJzQzLjgiTiA4McKwMzInNTAuNCJX!3b1!8m2!3d41.045508!4d-81.5473395!3m5!1s0x0:0x500d701ecbfe6c05!7e2!8m2!3d41.0418401!4d-81.5624249",Flock Camera,Outside kenmore proper,Config 1,
"41.041846, -81.562379",United States,"https://www.google.com/maps/place/41%C2%B002'30.7%22N+81%C2%B033'44.6%22W/@41.041847,-81.5629262,259m/data=!3m2!1e3!4b1!4m6!3m5!1s0x0:0x8853f34b8a61fed0!7e2!8m2!3d41.0418461!4d-81.5623794",Flock Camera,Outside kenmore proper,Config 1,
"41.1218190,-81.5097480",United States,"https://www.google.com/maps/place/41%C2%B007'18.6%22N+81%C2%B030'35.1%22W/@41.121823,-81.5119367,1034m/data=!3m2!1e3!4b1!4m5!3m4!1s0x0:0xf4118d0bb2987624!8m2!3d41.121819!4d-81.509748",Flock Camera,Facing cars leaving Akron,Config 1,
"41.066037, -81.509740",United States,"https://www.google.com/maps/place/41%C2%B003'57.7%22N+81%C2%B030'35.1%22W/@41.066038,-81.5102872,259m/data=!3m2!1e3!4b1!4m14!1m7!3m6!1s0x883129e7293df1b7:0x10d1cf708d191d63!2sBrown+St+%26+E+Thornton+St,+Akron,+OH+44311!3b1!8m2!3d41.0659486!4d-81.5098016!3m5!1s0x0:0xbc77dd8b715f2a10!7e2!8m2!3d41.0660366!4d-81.5097399",Flock Camera,Brown and Thornton St,Config 1,
"41.061709, -81.517876",United States,"https://www.google.com/maps/place/41%C2%B003'42.2%22N+81%C2%B031'04.4%22W/@41.06171,-81.5184232,259m/data=!3m2!1e3!4b1!4m13!1m6!3m5!1s0x8830d61da63d11b1:0x51003df2b03c2a5f!2sFamily+Dollar!8m2!3d41.0612046!4d-81.5175541!3m5!1s0x0:0xe5dd2621d407ecd9!7e2!8m2!3d41.0617087!4d-81.517876",Flock Camera,at Family Dollar on South St,Config 1,
"41.061927, -81.509708",United States,"https://www.google.com/maps/place/41%C2%B003'42.9%22N+81%C2%B030'35.0%22W/@41.061928,-81.5102552,259m/data=!3m2!1e3!4b1!4m6!3m5!1s0x0:0x8f3492a0d0f13df9!7e2!8m2!3d41.0619267!4d-81.509708",Flock Camera,Corner of South and Brown,Config 2,
"41.066157, -81.550195",United States,"https://www.google.com/maps/place/41%C2%B003'58.2%22N+81%C2%B033'00.7%22W/@41.066158,-81.5507422,259m/data=!3m2!1e3!4b1!4m14!1m7!3m6!1s0x8830d66bf9fd9cab:0x3d7791544fc9bb5e!2sW+Thornton+St,+Akron,+OH!3b1!8m2!3d41.0656514!4d-81.5422615!3m5!1s0x0:0x8ad53af31f990f4e!7e2!8m2!3d41.0661569!4d-81.5501955",Flock Camera,Manchester/W Thornton St intersection,Config 1,
"41.046831, -81.570369",United States,"https://www.google.com/maps/place/41%C2%B002'48.6%22N+81%C2%B034'13.3%22W/@41.0468309,-81.5748483,1126m/data=!3m2!1e3!4b1!4m9!1m2!2m1!1sEast+Battles!3m5!1s0x0:0xcd43d8164665ce82!7e2!8m2!3d41.0468312!4d-81.570369",Flock Camera,East and Battle,Config 1,
"41.070686, -81.547697",United States,"https://www.google.com/maps/place/41%C2%B004'14.5%22N+81%C2%B032'51.7%22W/@41.070686,-81.5495803,563m/data=!3m2!1e3!4b1!4m9!1m2!2m1!1sEast+Battles!3m5!1s0x0:0xb05918f17d9214ff!7e2!8m2!3d41.0706861!4d-81.5476969",Flock Camera,Facing Miller South,Config 1,
"41.060536, -81.540541",United States,"https://www.google.com/maps/place/41%C2%B003'37.9%22N+81%C2%B032'26.0%22W/@41.060536,-81.5410882,19z/data=!3m1!4b1!4m14!1m7!3m6!1s0x8830d6738661e6b1:0x96f3d06b1c512f06!2sLake+Shore+Blvd,+Akron,+OH!3b1!8m2!3d41.0559565!4d-81.5413122!3m5!1s0x0:0xabc796f0007cd4a3!7e2!8m2!3d41.0605357!4d-81.5405406",Flock Camera,"Lake Shore Blvd bus stop, near Crosier",Config 2,
"41.084497, -81.543480",United States,"https://www.google.com/maps/place/41%C2%B005'04.2%22N+81%C2%B032'36.5%22W/@41.084497,-81.5440272,19z/data=!3m1!4b1!4m14!1m7!3m6!1s0x8830d6738661e6b1:0x96f3d06b1c512f06!2sLake+Shore+Blvd,+Akron,+OH!3b1!8m2!3d41.0559565!4d-81.5413122!3m5!1s0x0:0xe4261737fedeabba!7e2!8m2!3d41.0844973!4d-81.5434795",Flock Camera,#023 Copley/Briarwood EB,Config 1,
"41.103416, -81.526935",United States,"https://www.google.com/maps/place/41%C2%B006'12.3%22N+81%C2%B031'37.0%22W/@41.10342,-81.5291237,17z/data=!3m1!4b1!4m14!1m7!3m6!1s0x0:0x721fab2d8a3689dd!2zNDHCsDAyJzQzLjciTiA4McKwMzInNTAuNCJX!3b1!8m2!3d41.045476!4d-81.547339!3m5!1s0x0:0x316746b2a76579a4!7e2!8m2!3d41.1034164!4d-81.5269354",Flock Camera,Uhler/Memorial Parkway,Config 1,
"41.070516, -81.507054",United States,"https://www.google.com/maps/place/41%C2%B004'13.9%22N+81%C2%B030'25.4%22W/@41.0699741,-81.5074697,282m/data=!3m1!1e3!4m6!3m5!1s0x0:0xe74393cacf9d06e3!7e2!8m2!3d41.0705156!4d-81.5070539",Flock Camera,Parking lot on Spicer St,Config 1,
"41.068150, -81.508154",United States,"https://www.google.com/maps/place/41%C2%B004'05.3%22N+81%C2%B030'29.4%22W/@41.06815,-81.5087012,282m/data=!3m2!1e3!4b1!4m6!3m5!1s0x0:0xea847a1ee5b3bffe!7e2!8m2!3d41.0681496!4d-81.5081536",Flock Camera,"Spicer, Near Beacon St",Config 1,
"41.068130, -81.508015",United States,"https://www.google.com/maps/place/41%C2%B004'05.3%22N+81%C2%B030'28.9%22W/@41.06813,-81.5085622,282m/data=!3m2!1e3!4b1!4m6!3m5!1s0x0:0xb17cd96760768af7!7e2!8m2!3d41.0681298!4d-81.5080145",Flock Camera,"Spicer, Near Beacon St",Config 1,
"41.039855, -81.500159",United States,"https://www.google.com/maps/place/41%C2%B002'23.5%22N+81%C2%B030'00.6%22W/@41.039855,-81.5007062,19z/data=!3m1!4b1!4m14!1m7!3m6!1s0x88312a1a338426d5:0x1a4ea0759edafae2!2sE+Wilbeth+Rd+%26+Inman+St,+Akron,+OH+44306!3b1!8m2!3d41.0398055!4d-81.5003053!3m5!1s0x0:0x9f872a82d883dff6!7e2!8m2!3d41.039855!4d-81.5001591",Flock Camera,Near entrance to Wilbeth/Arlington ,Config 1,
"41.030510, -81.545796",United States,"https://www.google.com/maps/place/41%C2%B001'49.8%22N+81%C2%B032'44.9%22W/@41.03051,-81.5463432,246m/data=!3m2!1e3!4b1!4m6!3m5!1s0x0:0x192c3b706caa7caf!7e2!8m2!3d41.03051!4d-81.5457963",Flock Camera,"Waterloo/Manchester, across the street from the Circle K, near a tree",Config 1,
"41.121668, -81.596151",United States,"https://www.google.com/maps/place/41%C2%B007'18.0%22N+81%C2%B035'46.1%22W/@41.121668,-81.5966982,281m/data=!3m2!1e3!4b1!4m14!1m7!3m6!1s0x8830d6738661e6b1:0x96f3d06b1c512f06!2sLake+Shore+Blvd,+Akron,+OH!3b1!8m2!3d41.0559565!4d-81.5413122!3m5!1s0x0:0x74ddcfd3d79370f6!7e2!8m2!3d41.1216676!4d-81.5961506",Flock Camera,Near Fairlawn Country Club tennis courts,Config 1,
"41.088557, -81.461089",United States,"https://www.google.com/maps/place/41%C2%B005'18.8%22N+81%C2%B027'39.9%22W/@41.088557,-81.4616362,284m/data=!3m2!1e3!4b1!4m14!1m7!3m6!1s0x8831291c044a2b8b:0xfd8a48147b574f6b!2sMorningview+Ave,+Akron,+OH+44305!3b1!8m2!3d41.0797625!4d-81.459945!3m5!1s0x0:0xcb51e11e1b802af!7e2!8m2!3d41.0885569!4d-81.4610894",Flock Camera,Chapman/Eastland Ave,Config 1,
"41.085897, -81.537855",United States,"https://www.google.com/maps/place/41%C2%B005'09.2%22N+81%C2%B032'16.3%22W/@41.0859004,-81.5396955,17z/data=!3m1!4b1!4m14!1m7!3m6!1s0x8830d63986965911:0x7088e0033e497c74!2sAkron+General+Ave,+Akron,+OH!3b1!8m2!3d41.0777335!4d-81.5324866!3m5!1s0x0:0x1d31b635a16f159!7e2!8m2!3d41.0858967!4d-81.5378551",Flock Camera,"Cedar St, along bend where it splits from Exchange",Config 2,
"41.078647, -81.530307",United States,"https://www.google.com/maps/place/41%C2%B004'43.1%22N+81%C2%B031'49.1%22W/@41.0786276,-81.5309386,18z/data=!4m14!1m7!3m6!1s0x8830d63986965911:0x7088e0033e497c74!2sAkron+General+Ave,+Akron,+OH!3b1!8m2!3d41.0777335!4d-81.5324866!3m5!1s0x0:0x7a2c4b76baa7b782!7e2!8m2!3d41.0786471!4d-81.5303073",Flock Camera,#095 Akron General Ave/W Cedar St SW,Config 2,
"41.029208, -81.527079",United States,"https://www.google.com/maps/place/41%C2%B001'45.2%22N+81%C2%B031'37.5%22W/@41.029209,-81.5276262,19z/data=!3m1!4b1!4m14!1m7!3m6!1s0x8830d592ac3444a1:0x772c953415bc075b!2s2118+S+Main+St,+Akron,+OH+44301!3b1!8m2!3d41.0291903!4d-81.5272756!3m5!1s0x0:0xfe8b70b1e3594416!7e2!8m2!3d41.0292085!4d-81.5270792",Flock Camera,Devil's Strip of Cliffside Key Club,Config 1,
"41.074113, -81.515723",United States,"https://www.google.com/maps/place/41%C2%B004'26.8%22N+81%C2%B030'56.6%22W/@41.074114,-81.5162702,271m/data=!3m2!1e3!4b1!4m5!3m4!1s0x0:0xa32bde007800c671!8m2!3d41.074113!4d-81.515723",Flock Camera,Exchange/Grant Traffic Light Pole,Config 2,
"41.073867, -81.515847",United States,"https://www.google.com/maps/place/41%C2%B004'25.9%22N+81%C2%B030'57.1%22W/@41.073871,-81.5180357,1084m/data=!3m2!1e3!4b1!4m5!3m4!1s0x0:0x894b80157f612ba9!8m2!3d41.073867!4d-81.515847",Flock Camera,Exchange/Grant Light Pole,Config 2,
"41.073793, -81.515442
",United States,"https://www.google.com/maps/place/41%C2%B004'25.7%22N+81%C2%B030'55.6%22W/@41.073797,-81.5176307,1084m/data=!3m2!1e3!4b1!4m5!3m4!1s0x0:0x7a56664317ba733d!8m2!3d41.073793!4d-81.515442",Flock Camera,Exchange/Grant Crosswalk Pole,Config 2,
"41.067277, -81.518102",United States,"https://www.google.com/maps/place/41%C2%B004'02.2%22N+81%C2%B031'05.2%22W/@41.067281,-81.5225867,1084m/data=!3m1!1e3!4m5!3m4!1s0x0:0x3abe6637aef3324a!8m2!3d41.067277!4d-81.518102",Flock Camera,"Grant St, near Palmyra ",Config 1,
"41.070773, -81.517861",United States,"https://www.google.com/maps/place/41%C2%B004'14.8%22N+81%C2%B031'04.3%22W/@41.070774,-81.5184082,271m/data=!3m2!1e3!4b1!4m5!3m4!1s0x0:0x2648a781e23ac3d2!8m2!3d41.070773!4d-81.517861",Flock Camera,"Grant St, Near Grant View",Config 1,
"41.070728, -81.517686",United States,"https://www.google.com/maps/place/41%C2%B004'14.6%22N+81%C2%B031'03.7%22W/@41.070729,-81.5182332,271m/data=!3m2!1e3!4b1!4m5!3m4!1s0x0:0x72eddca88fa4ab37!8m2!3d41.070728!4d-81.517686",Flock Camera,"Grant St, Near Grant View",Config 1,
"41.065868, -81.517822",United States,"https://www.google.com/maps/place/41%C2%B003'57.1%22N+81%C2%B031'04.2%22W/@41.065872,-81.5200107,1084m/data=!3m2!1e3!4b1!4m5!3m4!1s0x0:0x106a06e5fb4b0069!8m2!3d41.065868!4d-81.517822",Flock Camera,E Thornton/Grant St,Config 1,
"41.070749, -81.513351",United States,"https://www.google.com/maps/place/41%C2%B004'14.7%22N+81%C2%B030'48.1%22W/@41.070753,-81.5155397,1084m/data=!3m2!1e3!4b1!4m5!3m4!1s0x0:0x7ee4e02dc4f2b488!8m2!3d41.070749!4d-81.513351",Flock Camera,Allyn/Wheeler St (On Allyn),Config 1,
"41.070536, -81.513344",United States,"https://www.google.com/maps/place/41%C2%B004'13.9%22N+81%C2%B030'48.0%22W/@41.070537,-81.5138912,271m/data=!3m2!1e3!4b1!4m6!3m5!1s0x0:0x59957129587be407!7e2!8m2!3d41.0705364!4d-81.5133439",Flock Camera,Allyn/Wheeler St (On Allyn),Config 1,
"41.068705, -81.511372",United States,"https://www.google.com/maps/place/41%C2%B004'07.3%22N+81%C2%B030'40.9%22W/@41.068706,-81.5119192,271m/data=!3m2!1e3!4b1!4m6!3m5!1s0x0:0x9254fd9131425c21!7e2!8m2!3d41.068705!4d-81.5113715",Flock Camera,Power/Kling St,Config 1,
"41.121532, -81.509646",United States,"https://www.google.com/maps/place/41%C2%B007'17.5%22N+81%C2%B030'34.7%22W/@41.121533,-81.5101932,271m/data=!3m2!1e3!4b1!4m6!3m5!1s0x0:0x6b4256a00913a2b6!7e2!8m2!3d41.1215322!4d-81.509646",Flock Camera,"N Main St/Riverside Dr near ""ICE"" sign",Config 2,
"41.102063, -81.511441",United States,"https://www.google.com/maps/place/41%C2%B006'07.4%22N+81%C2%B030'41.2%22W/@41.102064,-81.5119882,271m/data=!3m2!1e3!4b1!4m6!3m5!1s0x0:0x94bcb950fc2f6e6b!7e2!8m2!3d41.1020628!4d-81.5114409",Flock Camera,#077 E Tallmadge Ave and N Main St EB,Config 2,
"41.102215, -81.511132",United States,"https://www.google.com/maps/place/41%C2%B006'08.0%22N+81%C2%B030'40.1%22W/@41.102216,-81.5116792,271m/data=!3m2!1e3!4b1!4m5!3m4!1s0x0:0x222589921abb17d3!8m2!3d41.102215!4d-81.511132",Flock Camera,E Tallmadge Ave and N Main St WB,Config 2,
"41.102041, -81.466557",United States,"https://www.google.com/maps/place/41%C2%B006'07.4%22N+81%C2%B027'59.6%22W/@41.1020409,-81.4710417,1082m/data=!3m2!1e3!4b1!4m14!1m7!3m6!1s0x0:0x222589921abb17d3!2zNDHCsDA2JzA4LjAiTiA4McKwMzAnNDAuMSJX!3b1!8m2!3d41.102215!4d-81.511132!3m5!1s0x0:0xec2452b542d872b8!7e2!8m2!3d41.1020415!4d-81.4665568",Flock Camera,#010 Brittain Rd and E Tallmadge Ave SB,Config 2,
"41.102063, -81.466191",United States,"https://www.google.com/maps/place/41%C2%B006'07.4%22N+81%C2%B027'58.3%22W/@41.1020674,-81.4668502,331m/data=!3m1!1e3!4m6!3m5!1s0x0:0x4c6ef2e6c36d965a!7e2!8m2!3d41.1020631!4d-81.4661908",Flock Camera,Brittain Rd and E Tallmadge Ave NB,Config 2,
"41.101765, -81.466573",United States,"https://www.google.com/maps/place/41%C2%B006'06.4%22N+81%C2%B027'59.7%22W/@41.101765,-81.4672427,331m/data=!3m2!1e3!4b1!4m6!3m5!1s0x0:0xd2e732041e47d227!7e2!8m2!3d41.1017651!4d-81.4665729",Flock Camera,Brittain Rd and E Tallmadge Ave,Config 2,
"41.070727, -81.509847",United States,"https://www.google.com/maps/place/41%C2%B004'14.6%22N+81%C2%B030'35.5%22W/@41.070727,-81.5103942,271m/data=!3m2!1e3!4b1!4m6!3m5!1s0x0:0x70d5d9c9c75d3aef!7e2!8m2!3d41.0707267!4d-81.5098473",Flock Camera,Brown and Wheeler intersection,Config 2,
"41.065981, -81.510006",United States,"https://www.google.com/maps/place/41%C2%B003'57.5%22N+81%C2%B030'36.0%22W/@41.065981,-81.5105532,271m/data=!3m2!1e3!4b1!4m6!3m5!1s0x0:0x5ce5cd0ea96be08a!7e2!8m2!3d41.0659806!4d-81.5100062",Flock Camera,"Brown and E Thornton, Near Mckown Properties Office",Config 1,
"41.061966, -81.518016",United States,"https://www.google.com/maps/place/41%C2%B003'43.1%22N+81%C2%B031'04.9%22W/@41.061966,-81.5185632,271m/data=!3m2!1e3!4b1!4m6!3m5!1s0x0:0x29a78aad86c8916e!7e2!8m2!3d41.061966!4d-81.5180163",Flock Camera,"Grant/South st, across from gas station",Config 1,
"41.071273, -81.506434",United States,"https://www.google.com/maps/place/41%C2%B004'16.6%22N+81%C2%B030'23.2%22W/@41.071273,-81.5069812,271m/data=!3m2!1e3!4b1!4m6!3m5!1s0x0:0xc0f072b9d599e115!7e2!8m2!3d41.0712734!4d-81.5064338",Flock Camera,"Exchange/Spicer, across from Subway",Config 2,
"41.102858, -81.511021",United States,"https://www.google.com/maps/place/41%C2%B006'10.3%22N+81%C2%B030'39.7%22W/@41.102858,-81.5115682,271m/data=!3m2!1e3!4b1!4m6!3m5!1s0x0:0xd73aaf21b58fc650!7e2!8m2!3d41.1028585!4d-81.511021",Flock Camera,"N Main St/E Tallmadge Ave, SB",Config 2,
"41.101587, -81.510848",United States,"https://www.google.com/maps/place/41%C2%B006'05.7%22N+81%C2%B030'39.1%22W/@41.101587,-81.5113952,271m/data=!3m2!1e3!4b1!4m6!3m5!1s0x0:0xe60d3666a8ea3bce!7e2!8m2!3d41.1015867!4d-81.5108483",Flock Camera,"N Main St/E Tallmadge Ave, NB",Config 2,
"41.084061, -81.569326",United States,"https://www.google.com/maps/place/41%C2%B005'02.6%22N+81%C2%B034'09.6%22W/@41.084061,-81.5698732,284m/data=!3m2!1e3!4b1!4m6!3m5!1s0x0:0x3f86f0a3192d7cb3!7e2!8m2!3d41.0840615!4d-81.5693259",Flock Camera,"S Hawkins/Copley, near China Star",Config 2,
"41.083707, -81.575378",United States,"https://www.google.com/maps/place/41%C2%B005'01.4%22N+81%C2%B034'31.4%22W/@41.0837069,-81.5798627,1135m/data=!3m2!1e3!4b1!4m9!1m2!2m1!1smaple+valley+cleaners!3m5!1s0x0:0xd975063c02bea88!7e2!8m2!3d41.0837071!4d-81.5753778",Flock Camera,"Copley, near old maple valley cleaners",Config 1,
"41.064312, -81.572292",United States,"https://www.google.com/maps/place/41%C2%B003'51.5%22N+81%C2%B034'20.3%22W/@41.0643119,-81.5767767,1135m/data=!3m2!1e3!4b1!4m9!1m2!2m1!1smaple+valley+cleaners!3m5!1s0x0:0xeb98b4ff1c435ac5!7e2!8m2!3d41.0643115!4d-81.5722916",Flock Camera,"Vernon Odom, Near Clearwater Systems",Config 1,
"41.062592, -81.577621",United States,"https://www.google.com/maps/place/41%C2%B003'45.3%22N+81%C2%B034'39.4%22W/@41.0625124,-81.5783271,150m/data=!3m1!1e3!4m9!1m2!2m1!1smaple+valley+cleaners!3m5!1s0x0:0x63c17a69c084586e!7e2!8m2!3d41.062592!4d-81.5776211",Flock Camera,"Vernon Odom, before McTaggart",Config 2,
"41.070859, -81.547694",United States,"https://www.google.com/maps/place/41%C2%B004'15.1%22N+81%C2%B032'51.7%22W/@41.0708589,-81.5521787,1135m/data=!3m2!1e3!4b1!4m9!1m2!2m1!1smaple+valley+cleaners!3m5!1s0x0:0x601181d5a7f2099f!7e2!8m2!3d41.0708588!4d-81.5476941",Flock Camera,"Vernon Odom/East, on the traffic light pole",Config 2,
"41.070754, -81.547383",United States,"https://www.google.com/maps/place/41%C2%B004'14.7%22N+81%C2%B032'50.6%22W/@41.070754,-81.54874,343m/data=!3m2!1e3!4b1!4m9!1m2!2m1!1smaple+valley+cleaners!3m5!1s0x0:0x4eea28ddb059ae37!7e2!8m2!3d41.0707536!4d-81.547383",Flock Camera,"Vernon Odom/East, on the traffic light pole",Config 2,
"41.072445, -81.541749",United States,"https://www.google.com/maps/place/41%C2%B004'20.8%22N+81%C2%B032'30.3%22W/@41.0724449,-81.5462337,1135m/data=!3m2!1e3!4b1!4m9!1m2!2m1!1smaple+valley+cleaners!3m5!1s0x0:0x91cc7ae459accd6d!7e2!8m2!3d41.0724448!4d-81.5417493",Flock Camera,Raymond/Vernon Odom. on the traffic light pole,Config 2,
"41.072362, -81.541531",United States,"https://www.google.com/maps/place/41%C2%B004'20.5%22N+81%C2%B032'29.5%22W/@41.072362,-81.5426522,284m/data=!3m2!1e3!4b1!4m9!1m2!2m1!1smaple+valley+cleaners!3m5!1s0x0:0x4eb85249725b950f!7e2!8m2!3d41.0723623!4d-81.5415305",Flock Camera,Raymond/Vernon Odom. on the traffic light pole,Config 2,
"41.060858, -81.455043",United States,"https://www.google.com/maps/place/41%C2%B003'39.1%22N+81%C2%B027'18.2%22W/@41.060858,-81.4556876,339m/data=!3m1!1e3!4m6!3m5!1s0x0:0xcbfba295648caf5f!7e2!8m2!3d41.0608725!4d-81.4550444",Flock Camera,"E Market/ Mogadore, Near MCDonalds",Unknown,
"41.061827, -81.454361",United States,"https://www.google.com/maps/place/41%C2%B003'42.6%22N+81%C2%B027'15.7%22W/@41.061827,-81.4550149,339m/data=!3m2!1e3!4b1!4m6!3m5!1s0x0:0x273c8e6494e6bde2!7e2!8m2!3d41.0618269!4d-81.4543611",Flock Camera,"Mogadore, near E Market St",Unknown,
"41.061647, -81.460320",United States,"https://www.google.com/maps/place/41%C2%B003'42.0%22N+81%C2%B027'37.3%22W/@41.0617201,-81.4607677,141m/data=!3m1!1e3!4m6!3m5!1s0x0:0xab837ab40ce256bf!7e2!8m2!3d41.0616528!4d-81.4603464",Flock Camera,"E Market St, Across from Papa Don's, a known cop bar",Unknown,
"41.071453, -81.509569",United States,"https://www.google.com/maps/place/41%C2%B004'17.2%22N+81%C2%B030'34.5%22W/@41.0714529,-81.5140537,1135m/data=!3m2!1e3!4b1!4m9!1m2!2m1!1sspeedway+llc!3m5!1s0x0:0xe034be2d7803cc92!7e2!8m2!3d41.0714533!4d-81.5095695",Flock Camera,"Brown/Exchange St, near Speedway",Config 2,
"41.063566, -81.518109",United States,"https://www.google.com/maps/place/41%C2%B003'48.8%22N+81%C2%B031'05.2%22W/@41.063566,-81.5192302,284m/data=!3m2!1e3!4b1!4m14!1m7!3m6!1s0x8830d61dd5cec40f:0x11dec7658159f508!2sE+Voris+St,+Akron,+OH!3b1!8m2!3d41.0637092!4d-81.5172944!3m5!1s0x0:0xe17abb6453e58bb1!7e2!8m2!3d41.0635656!4d-81.5181092",Flock Camera,"Voris/Grant, near Blue Leaf",Config 1,
"41.100726, -81.488626",United States,"https://www.google.com/maps/place/41%C2%B006'02.6%22N+81%C2%B029'19.1%22W/@41.100726,-81.4897472,284m/data=!3m2!1e3!4b1!4m14!1m7!3m6!1s0x88312843e8c52b6f:0x659b392ff66c3551!2sHome+Ave,+Akron,+OH!3b1!8m2!3d41.1027681!4d-81.4883831!3m5!1s0x0:0xe4ea1309738a3b4!7e2!8m2!3d41.1007265!4d-81.4886262",Flock Camera,"Home/Tallmadge, near Weaver",Config 2,
"41.103266, -81.488175",United States,"https://www.google.com/maps/place/41%C2%B006'11.8%22N+81%C2%B029'17.4%22W/@41.103266,-81.4892962,284m/data=!3m2!1e3!4b1!4m14!1m7!3m6!1s0x88312843e8c52b6f:0x659b392ff66c3551!2sHome+Ave,+Akron,+OH!3b1!8m2!3d41.1027681!4d-81.4883831!3m5!1s0x0:0x974a56b36ecbb5df!7e2!8m2!3d41.1032659!4d-81.4881748",Flock Camera,"Home/Tallmadge, near Speed limit Sign",Config 2,
"41.054348, -81.490865",United States,"https://www.google.com/maps/place/41%C2%B003'15.7%22N+81%C2%B029'27.1%22W/@41.054348,-81.4914122,284m/data=!3m2!1e3!4b1!4m14!1m7!3m6!1s0x883129fa40f4faa9:0x892a29c9688fc397!2s624+Lovers+Ln,+Akron,+OH+44311!3b1!8m2!3d41.0542966!4d-81.5063422!3m5!1s0x0:0xc5a70eab61d81e5a!7e2!8m2!3d41.0543481!4d-81.4908654",Flock Camera,Lovers Lane/S Arlington intersection,Config 2,
"41.054376, -81.491119",United States,"https://www.google.com/maps/place/41%C2%B003'15.8%22N+81%C2%B029'28.0%22W/@41.054376,-81.4916662,284m/data=!3m2!1e3!4b1!4m6!3m5!1s0x0:0xd9771fef8d17ee44!7e2!8m2!3d41.0543763!4d-81.4911195",Flock Camera,Lovers Lane/S Arlington intersection,Config 2,
"41.056374, -81.528377",United States,"https://www.google.com/maps/place/41%C2%B003'23.0%22N+81%C2%B031'42.2%22W/@41.056374,-81.5289242,284m/data=!3m2!1e3!4b1!4m6!3m5!1s0x0:0x11d029fd6ca254aa!7e2!8m2!3d41.0563742!4d-81.5283769",Flock Camera,E Miller Ave/S Main St intersection,Config 2,
"41.056386, -81.528005",United States,"https://www.google.com/maps/place/41%C2%B003'23.0%22N+81%C2%B031'40.8%22W/@41.056386,-81.5285522,284m/data=!3m2!1e3!4b1!4m6!3m5!1s0x0:0x566b96d73bc9380e!7e2!8m2!3d41.056386!4d-81.5280054",Flock Camera,E Miller Ave/S Main St intersection,Config 2,
"41.066608, -81.550281",United States,"https://www.google.com/maps/place/41%C2%B003'59.8%22N+81%C2%B033'01.0%22W/@41.0666079,-81.5547657,1135m/data=!3m2!1e3!4b1!4m14!1m7!3m6!1s0x8830d52048ff7557:0x10bd260c704956c7!2sManchester+Rd,+Akron,+OH!3b1!8m2!3d41.0314876!4d-81.5462282!3m5!1s0x0:0x6342a348be123c61!7e2!8m2!3d41.0666079!4d-81.5502811",Flock Camera,"Manchester/W Thornton St intersection, closer towards East",Config 1,
"41.040182, -81.527103",United States,"https://www.google.com/maps/place/41%C2%B002'24.7%22N+81%C2%B031'37.6%22W/@41.040182,-81.5303183,814m/data=!3m2!1e3!4b1!4m14!1m7!3m6!1s0x8830d52048ff7557:0x10bd260c704956c7!2sManchester+Rd,+Akron,+OH!3b1!8m2!3d41.0314876!4d-81.5462282!3m5!1s0x0:0x8c6dbc2db91ce95a!7e2!8m2!3d41.0401818!4d-81.5271032",Flock Camera,"Wilbeth/S Main St intersection, on traffic light pole",Config 2,
"41.040182, -81.526589",United States,"https://www.google.com/maps/place/41%C2%B002'24.7%22N+81%C2%B031'35.7%22W/@41.040182,-81.5298043,814m/data=!3m2!1e3!4b1!4m14!1m7!3m6!1s0x8830d52048ff7557:0x10bd260c704956c7!2sManchester+Rd,+Akron,+OH!3b1!8m2!3d41.0314876!4d-81.5462282!3m5!1s0x0:0xae3b5ea6b42b78d6!7e2!8m2!3d41.0401818!4d-81.5265886",Flock Camera,"Wilbeth/S Main St intersection, on traffic light pole",Config 2,
"41.039882, -81.500383",United States,"https://www.google.com/maps/place/41%C2%B002'23.6%22N+81%C2%B030'01.4%22W/@41.039882,-81.5022884,482m/data=!3m2!1e3!4b1!4m14!1m7!3m6!1s0x8830d52048ff7557:0x10bd260c704956c7!2sManchester+Rd,+Akron,+OH!3b1!8m2!3d41.0314876!4d-81.5462282!3m5!1s0x0:0xa67d00a093cbc5!7e2!8m2!3d41.0398817!4d-81.5003833",Flock Camera,Inman St/W Wilbeth Rd,Config 1,
"41.039936, -81.491369",United States,"https://www.google.com/maps/place/41%C2%B002'23.8%22N+81%C2%B029'28.9%22W/@41.039936,-81.4924902,284m/data=!3m2!1e3!4b1!4m14!1m7!3m6!1s0x8830d52048ff7557:0x10bd260c704956c7!2sManchester+Rd,+Akron,+OH!3b1!8m2!3d41.0314876!4d-81.5462282!3m5!1s0x0:0x1cac132b2a0808aa!7e2!8m2!3d41.039936!4d-81.4913695",Flock Camera,W Wilbeth Rd/S Arlington Rd,Config 2,
"41.039944, -81.491098",United States,"https://www.google.com/maps/place/41%C2%B002'23.8%22N+81%C2%B029'28.0%22W/@41.039944,-81.4929776,476m/data=!3m2!1e3!4b1!4m14!1m7!3m6!1s0x8830d52048ff7557:0x10bd260c704956c7!2sManchester+Rd,+Akron,+OH!3b1!8m2!3d41.0314876!4d-81.5462282!3m5!1s0x0:0x8f14d93c903a50f3!7e2!8m2!3d41.0399438!4d-81.4910985",Flock Camera,W Wilbeth Rd/S Arlington Rd,Config 2,
"41.122524, -81.598500",United States,"https://www.google.com/maps/place/41%C2%B007'21.1%22N+81%C2%B035'54.6%22W/@41.122525,-81.5996212,299m/data=!3m2!1e3!4b1!4m14!1m7!3m6!1s0x8830d52048ff7557:0x10bd260c704956c7!2sManchester+Rd,+Akron,+OH!3b1!8m2!3d41.0314876!4d-81.5462282!3m5!1s0x0:0x4c91c99322616e7!7e2!8m2!3d41.122524!4d-81.5984999",Flock Camera,"Wolcott/Market St, near the AKRON sign",Config 1,
"41.103254, -81.526999",United States,"https://www.google.com/maps/place/41%C2%B006'11.7%22N+81%C2%B031'37.2%22W/@41.103255,-81.5281202,299m/data=!3m2!1e3!4b1!4m14!1m7!3m6!1s0x8830d52048ff7557:0x10bd260c704956c7!2sManchester+Rd,+Akron,+OH!3b1!8m2!3d41.0314876!4d-81.5462282!3m5!1s0x0:0x32ad1977e8bd0c5a!7e2!8m2!3d41.1032536!4d-81.5269986",Flock Camera,Uhler/Memorial Parkway,Config 2,
"41.066198, -81.550461",United States,"https://www.google.com/maps/place/41%C2%B003'58.3%22N+81%C2%B033'01.7%22W/@41.066199,-81.5515927,302m/data=!3m2!1e3!4b1!4m14!1m7!3m6!1s0x8830d52048ff7557:0x10bd260c704956c7!2sManchester+Rd,+Akron,+OH!3b1!8m2!3d41.0314876!4d-81.5462282!3m5!1s0x0:0x8b1f033abbd8fb8!7e2!8m2!3d41.0661983!4d-81.5504606",Flock Camera,Thornton/Manchester Rd Intersection,Config 1,
"41.066259, -81.549797",United States,"https://www.google.com/maps/place/41%C2%B003'58.5%22N+81%C2%B032'59.3%22W/@41.06626,-81.5509287,302m/data=!3m2!1e3!4b1!4m14!1m7!3m6!1s0x8830d52048ff7557:0x10bd260c704956c7!2sManchester+Rd,+Akron,+OH!3b1!8m2!3d41.0314876!4d-81.5462282!3m5!1s0x0:0x126a8db1be428e86!7e2!8m2!3d41.066259!4d-81.5497968",Flock Camera,Thornton/Manchester Rd Intersection,Config 1,
"41.072326, -81.541642",United States,"https://www.google.com/maps/place/41%C2%B004'20.4%22N+81%C2%B032'29.9%22W/@41.072327,-81.5427632,299m/data=!3m2!1e3!4b1!4m14!1m7!3m6!1s0x8830d52048ff7557:0x10bd260c704956c7!2sManchester+Rd,+Akron,+OH!3b1!8m2!3d41.0314876!4d-81.5462282!3m5!1s0x0:0x100b6d4da674d77a!7e2!8m2!3d41.0723265!4d-81.5416415",Flock Camera,Raymond/Vernon Odom. on the traffic light pole,Config 2,
"41.065978, -81.538916",United States,"https://www.google.com/maps/place/41%C2%B003'57.5%22N+81%C2%B032'20.1%22W/@41.065979,-81.5400372,299m/data=!3m2!1e3!4b1!4m14!1m7!3m6!1s0x8830d52048ff7557:0x10bd260c704956c7!2sManchester+Rd,+Akron,+OH!3b1!8m2!3d41.0314876!4d-81.5462282!3m5!1s0x0:0x7a2f5dde16af45a6!7e2!8m2!3d41.0659784!4d-81.5389161",Flock Camera,Rhodes/Thornton,Config 1,
"41.073137, -81.483338",United States,"https://www.google.com/maps/place/41%C2%B004'23.3%22N+81%C2%B029'00.0%22W/@41.0731399,-81.4866219,875m/data=!3m2!1e3!4b1!4m14!1m7!3m6!1s0x8830d52048ff7557:0x10bd260c704956c7!2sManchester+Rd,+Akron,+OH!3b1!8m2!3d41.0314876!4d-81.5462282!3m5!1s0x0:0x7283af53d7e0a34d!7e2!8m2!3d41.0731367!4d-81.4833383",Flock Camera,"Case/Eastland, near carter lumber",Config 1,
"41.083557, -81.468910",United States,"https://www.google.com/maps/place/41%C2%B005'00.8%22N+81%C2%B028'08.1%22W/@41.083558,-81.4700312,299m/data=!3m2!1e3!4b1!4m14!1m7!3m6!1s0x8830d52048ff7557:0x10bd260c704956c7!2sManchester+Rd,+Akron,+OH!3b1!8m2!3d41.0314876!4d-81.5462282!3m5!1s0x0:0xa43ed0b8aacfa927!7e2!8m2!3d41.0835572!4d-81.4689103",Flock Camera,Mohawk/Eastland Ave,Config 1,
"41.084832, -81.467885",United States,"https://www.google.com/maps/place/41%C2%B005'05.4%22N+81%C2%B028'04.4%22W/@41.084833,-81.4690062,299m/data=!3m2!1e3!4b1!4m14!1m7!3m6!1s0x8830d52048ff7557:0x10bd260c704956c7!2sManchester+Rd,+Akron,+OH!3b1!8m2!3d41.0314876!4d-81.5462282!3m5!1s0x0:0xa6a5ab97595e5688!7e2!8m2!3d41.0848317!4d-81.4678855",Flock Camera,Eastwood/Ute,Config 1,
"41.084627, -81.464335",United States,"https://www.google.com/maps/place/41%C2%B005'04.7%22N+81%C2%B027'51.6%22W/@41.084628,-81.4654565,299m/data=!3m2!1e3!4b1!4m14!1m7!3m6!1s0x8830d52048ff7557:0x10bd260c704956c7!2sManchester+Rd,+Akron,+OH!3b1!8m2!3d41.0314876!4d-81.5462282!3m5!1s0x0:0xba371755fc1a2d79!7e2!8m2!3d41.0846269!4d-81.464335",Flock Camera,Eastwood/Hillside ave,Config 1,
"41.084336, -81.441734",United States,"https://www.google.com/maps/place/41%C2%B005'03.6%22N+81%C2%B026'30.2%22W/@41.084337,-81.4428552,299m/data=!3m2!1e3!4b1!4m14!1m7!3m6!1s0x883128d86313616d:0xc0b35bec6b6faee6!2sDarrow+Rd,+Akron,+OH+44305!3b1!8m2!3d41.0752556!4d-81.4419425!3m5!1s0x0:0x2b468bdf8efe3b4!7e2!8m2!3d41.084336!4d-81.4417338",Flock Camera,Eastwood/Darrow,Config 2,
"41.084168, -81.441395",United States,"https://www.google.com/maps/place/41%C2%B005'03.0%22N+81%C2%B026'29.0%22W/@41.084169,-81.4425162,299m/data=!3m2!1e3!4b1!4m14!1m7!3m6!1s0x883128d86313616d:0xc0b35bec6b6faee6!2sDarrow+Rd,+Akron,+OH+44305!3b1!8m2!3d41.0752556!4d-81.4419425!3m5!1s0x0:0x28ba29fecd19fcfd!7e2!8m2!3d41.0841683!4d-81.4413952",Flock Camera,Eastwood/Darrow,Config 2,
"41.035503, -81.491466",United States,"https://www.google.com/maps/place/41%C2%B002'07.8%22N+81%C2%B029'29.3%22W/@41.035504,-81.4925872,299m/data=!3m2!1e3!4b1!4m14!1m7!3m6!1s0x88312a3b3e601487:0x39f9f378a616d8ae!2sRosemary+Blvd,+Akron,+OH+44306!3b1!8m2!3d41.0353849!4d-81.4868167!3m5!1s0x0:0x8b119d0e2b3eb752!7e2!8m2!3d41.0355028!4d-81.4914661",Flock Camera,Rosemary/S Arlington St,Config 2,
"41.035344, -81.491161",United States,"https://www.google.com/maps/place/41%C2%B002'07.2%22N+81%C2%B029'28.2%22W/@41.035345,-81.4922822,299m/data=!3m2!1e3!4b1!4m14!1m7!3m6!1s0x88312a3b3e601487:0x39f9f378a616d8ae!2sRosemary+Blvd,+Akron,+OH+44306!3b1!8m2!3d41.0353849!4d-81.4868167!3m5!1s0x0:0xe1a8a8ef7840817!7e2!8m2!3d41.0353438!4d-81.4911608",Flock Camera,Rosemary/S Arlington St,Config 2,
"41.133466, -81.548225",United States,"https://www.google.com/maps/place/41%C2%B008'00.5%22N+81%C2%B032'53.6%22W/@41.133466,-81.5487722,283m/data=!3m2!1e3!4b1!4m6!3m5!1s0x0:0x3bd5b67aa05043b1!7e2!8m2!3d41.1334656!4d-81.5482248",Flock Camera,"N Portage Path, near towpath",Config 2,
"41.134695, -81.548124",United States,"https://www.google.com/maps/place/41%C2%B008'04.9%22N+81%C2%B032'53.3%22W/@41.134696,-81.5486712,299m/data=!3m2!1e3!4b1!4m6!3m5!1s0x0:0x46e56b1218fc20c3!7e2!8m2!3d41.1346951!4d-81.5481241",Flock Camera,"N Portage Path, near spirit liquour",Config 2,
"41.104905, -81.514424",United States,"https://www.google.com/maps/place/41%C2%B006'17.7%22N+81%C2%B030'51.9%22W/@41.104905,-81.5149712,284m/data=!3m2!1e3!4b1!4m6!3m5!1s0x0:0x2ef526a78c722289!7e2!8m2!3d41.104905!4d-81.5144243",Flock Camera,"Cuyahoga St, near N Howard St",Config 2,
"41.105198, -81.514135",United States,"https://www.google.com/maps/place/41%C2%B006'18.7%22N+81%C2%B030'50.9%22W/@41.105198,-81.5146822,284m/data=!3m2!1e3!4b1!4m6!3m5!1s0x0:0xdffc71d4507c01e1!7e2!8m2!3d41.1051984!4d-81.5141349",Flock Camera,"Cuyahoga St, near N Howard St",Config 1,
"41.133381, -81.549267",United States,"https://www.google.com/maps/place/41%C2%B008'00.2%22N+81%C2%B032'57.4%22W/@41.133381,-81.5498142,283m/data=!3m2!1e3!4b1!4m6!3m5!1s0x0:0xead6816a34bdc8e!7e2!8m2!3d41.1333814!4d-81.5492666",Flock Camera,"Merriman, near R Shea's",Config 2,
"41.133403, -81.548856",United States,"https://www.google.com/maps/place/41%C2%B008'00.3%22N+81%C2%B032'55.9%22W/@41.133403,-81.5494032,283m/data=!3m2!1e3!4b1!4m6!3m5!1s0x0:0xfe9f29f4e5a9cf81!7e2!8m2!3d41.133403!4d-81.5488563",Flock Camera,"Merriman, Across from R Shea's",Config 2,
"41.044788, -81.437159",United States,"https://www.google.com/maps/place/41%C2%B002'41.2%22N+81%C2%B026'13.8%22W/@41.0447879,-81.4416437,1135m/data=!3m2!1e3!4b1!4m14!1m7!3m6!1s0x88312c0bf6d90477:0xb6aadc50c9952beb!2sCanton+Rd,+Akron,+OH!3b1!8m2!3d41.0285749!4d-81.4248852!3m5!1s0x0:0xe0d5574d25142653!7e2!8m2!3d41.0447881!4d-81.4371592",Flock Camera,Triplett/Canton Rd,Config 2,
"41.044819, -81.436771",United States,"https://www.google.com/maps/place/41%C2%B002'41.4%22N+81%C2%B026'12.4%22W/@41.044819,-81.4378922,284m/data=!3m2!1e3!4b1!4m14!1m7!3m6!1s0x88312c0bf6d90477:0xb6aadc50c9952beb!2sCanton+Rd,+Akron,+OH!3b1!8m2!3d41.0285749!4d-81.4248852!3m5!1s0x0:0xd03341c94b057959!7e2!8m2!3d41.0448189!4d-81.4367707",Flock Camera,Triplett/Canton Rd,Config 2,
"41.061927, -81.509708",United States,"https://www.google.com/maps/place/41%C2%B003'42.9%22N+81%C2%B030'35.0%22W/@41.061927,-81.5102552,284m/data=!3m2!1e3!4b1!4m14!1m7!3m6!1s0x8830d66fd46e1721:0x6c6cf51c701db9a2!2sSouth+St,+Akron,+OH!3b1!8m2!3d41.0614614!4d-81.5461771!3m5!1s0x0:0x8f3492a0d0f13df9!7e2!8m2!3d41.0619275!4d-81.5097076",Flock Camera,"South St/Brown St, second on pole",Config 2,
"41.061794, -81.509698",United States,"https://www.google.com/maps/place/41%C2%B003'42.5%22N+81%C2%B030'34.9%22W/@41.061794,-81.5102452,284m/data=!3m2!1e3!4b1!4m14!1m7!3m6!1s0x8830d66fd46e1721:0x6c6cf51c701db9a2!2sSouth+St,+Akron,+OH!3b1!8m2!3d41.0614614!4d-81.5461771!3m5!1s0x0:0xe8eb427f96c0b8e4!7e2!8m2!3d41.0617936!4d-81.5096977",Flock Camera,South St/Brown St,Config 2,
"41.081532, -81.501852",United States,"https://www.google.com/maps/place/41%C2%B004'53.5%22N+81%C2%B030'06.7%22W/@41.081532,-81.5029732,284m/data=!3m2!1e3!4b1!4m9!1m2!2m1!1sAnn+Brennan+Way!3m5!1s0x0:0xbdfecc124310ef08!7e2!8m2!3d41.0815322!4d-81.5018516",Flock Camera,Exit of City hospital,Config 1,
"41.054528, -81.494536",United States,"https://www.google.com/maps/place/41%C2%B003'16.3%22N+81%C2%B029'40.3%22W/@41.0545279,-81.4990207,1135m/data=!3m2!1e3!4b1!4m14!1m7!3m6!1s0x883129f0e4e0f139:0xfb79248afd7ed365!2sLovers+Ln,+Akron,+OH!3b1!8m2!3d41.0544513!4d-81.5027798!3m5!1s0x0:0x409527cecfd8f39c!7e2!8m2!3d41.0545276!4d-81.494536",Flock Camera,Lovers Lane/Winans Ave,Config 1,
"41.031483, -81.491585",United States,"https://www.google.com/maps/place/41%C2%B001'53.3%22N+81%C2%B029'29.7%22W/@41.031483,-81.4921322,284m/data=!3m2!1e3!4b1!4m13!1m6!3m5!1s0x88312a3e64879793:0x9533314bf2961b70!2sAngel+Dental+Care!8m2!3d41.0313283!4d-81.4921938!3m5!1s0x0:0x7388734d51b64268!7e2!8m2!3d41.0314833!4d-81.4915846",Flock Camera,"S Arlington, near Angel Dental Care",Config 1,
"41.032913, -81.491238",United States,"https://www.google.com/maps/place/41%C2%B001'58.5%22N+81%C2%B029'28.5%22W/@41.032913,-81.4917852,284m/data=!3m2!1e3!4b1!4m13!1m6!3m5!1s0x88312b3da735d801:0x4bd714a99003351d!2sAction+Tire+Express!8m2!3d41.0328846!4d-81.4909479!3m5!1s0x0:0x28f80a55346bc3d1!7e2!8m2!3d41.0329126!4d-81.4912378",Flock Camera,"S Arlington, near Action Tires Express",Config 1,
"41.035568, -81.481890",United States,"https://www.google.com/maps/place/41%C2%B002'08.0%22N+81%C2%B028'54.8%22W/@41.035568,-81.4824372,284m/data=!3m2!1e3!4b1!4m6!3m5!1s0x0:0x126c621d78331ebe!7e2!8m2!3d41.0355683!4d-81.4818904",Flock Camera,Rosemary blvd/Kelly ave,Config 1,
"41.035062, -81.482118",United States,"https://www.google.com/maps/place/41%C2%B002'06.2%22N+81%C2%B028'55.6%22W/@41.035062,-81.4826652,284m/data=!3m2!1e3!4b1!4m6!3m5!1s0x0:0xae6c09c14a201653!7e2!8m2!3d41.0350622!4d-81.482118",Flock Camera,Rosemary blvd/Kelly ave,Config 1,
"41.056842, -81.484146",United States,"https://www.google.com/maps/place/41%C2%B003'24.6%22N+81%C2%B029'02.9%22W/@41.056842,-81.4846932,284m/data=!3m2!1e3!4b1!4m6!3m5!1s0x0:0xd805481b7d5267c9!7e2!8m2!3d41.0568423!4d-81.4841462",Flock Camera,James Ingram Way/Mckinley Ave,Config 1,
"41.056818, -81.484586",United States,"https://www.google.com/maps/place/41%C2%B003'24.5%22N+81%C2%B029'04.5%22W/@41.056818,-81.4851332,284m/data=!3m2!1e3!4b1!4m6!3m5!1s0x0:0xc295d23c90623d93!7e2!8m2!3d41.0568177!4d-81.4845859",Flock Camera,Mckinley Ave,Config 1,
"41.084493, -81.538538",United States,"https://www.google.com/maps/place/41%C2%B005'04.2%22N+81%C2%B032'18.7%22W/@41.084493,-81.5390865,284m/data=!3m2!1e3!4b1!4m6!3m5!1s0x0:0x10e8390076803c77!7e2!8m2!3d41.0844935!4d-81.5385377",Flock Camera,Rhodes/Maple St,Config 2,
"41.078378, -81.534189",United States,"https://www.google.com/maps/place/41%C2%B004'42.2%22N+81%C2%B032'03.1%22W/@41.078378,-81.5347375,284m/data=!3m2!1e3!4b1!4m6!3m5!1s0x0:0xf5be9c5fcbe29a6e!7e2!8m2!3d41.0783783!4d-81.534189",Flock Camera,"Akron General Ave/Livingston, near ER entrance/exit",Config 1,
"41.058290, -81.527787",United States,"https://www.google.com/maps/place/41%C2%B003'29.8%22N+81%C2%B031'40.0%22W/@41.05829,-81.5283355,284m/data=!3m2!1e3!4b1!4m6!3m5!1s0x0:0xf3f49bd8a0533d24!7e2!8m2!3d41.0582905!4d-81.5277871",Flock Camera,S Main St/Miller Ave near Broadway self storage,Config 2,
"41.039915, -81.527006",United States,"https://www.google.com/maps/place/41%C2%B002'23.7%22N+81%C2%B031'37.2%22W/@41.039915,-81.5291947,1136m/data=!3m2!1e3!4b1!4m6!3m5!1s0x0:0x7c7922dc1a6a44d9!7e2!8m2!3d41.0399147!4d-81.5270057",Flock Camera,S Main/W Wilbeth Rd,Config 2,
"41.072500, -81.541589",United States,"https://www.google.com/maps/place/41%C2%B004'21.0%22N+81%C2%B032'29.7%22W/@41.0725,-81.5421362,284m/data=!3m2!1e3!4b1!4m6!3m5!1s0x0:0x24a70b75eee0b7ed!7e2!8m2!3d41.0725005!4d-81.5415892",Flock Camera,Vernon Odom/Raymond,Config 2,
"41.066241, -81.538552",United States,"https://www.google.com/maps/place/41%C2%B003'58.5%22N+81%C2%B032'18.8%22W/@41.066241,-81.5390992,19z/data=!4m14!1m7!3m6!1s0x8830d64a8c7516e3:0x95aa3ccb808e074d!2s214+Rhodes+Ave,+Akron,+OH+44302!3b1!8m2!3d41.0881836!4d-81.5388344!3m5!1s0x0:0xfb38fa6685931851!7e2!8m2!3d41.0662406!4d-81.5385516",Flock Camera,Rhodes/Thornton by Reliable Auto,Config 2,
"41.061660, -81.538961",United States,"https://www.google.com/maps/place/41%C2%B003'42.0%22N+81%C2%B032'20.3%22W/@41.0616612,-81.5396117,18z/data=!3m1!4b1!4m6!3m5!1s0x0:0xd8bccf90096fdc81!7e2!8m2!3d41.0616599!4d-81.5389609",Flock Camera,W South St and onramp to I76/I77,Config 1,
"41.060137, -81.540392",United States,"https://www.google.com/maps/place/41%C2%B003'36.5%22N+81%C2%B032'25.4%22W/@41.060139,-81.5414863,18z/data=!3m1!4b1!4m6!3m5!1s0x0:0x7f914e8dcc2b618c!7e2!8m2!3d41.0601375!4d-81.5403916",Flock Camera,Lakeshore near Penn Soccer Field,Config 2,
"41.050378, -81.541057",United States,"https://www.google.com/maps/place/41%C2%B003'01.4%22N+81%C2%B032'27.8%22W/@41.050382,-81.5432457,17z/data=!3m1!4b1!4m6!3m5!1s0x0:0x788b610535f41a66!7e2!8m2!3d41.0503777!4d-81.5410566",Flock Camera,Kenmore/Lakeshore,Config 1,
"41.050753, -81.540245",United States,"https://www.google.com/maps/place/41%C2%B003'02.7%22N+81%C2%B032'24.9%22W/@41.0507542,-81.5408957,18z/data=!3m1!4b1!4m6!3m5!1s0x0:0x9b4239eb4d9d7ad6!7e2!8m2!3d41.0507527!4d-81.5402447",Flock Camera,Kenmore/Metro RTA Shipping and receiving,Config 1,
"41.102605, -81.489408",United States,"https://www.google.com/maps/place/41%C2%B006'09.4%22N+81%C2%B029'21.9%22W/@41.102609,-81.4915967,17z/data=!3m1!4b1!4m6!3m5!1s0x0:0xaddbeebb2ce6783!7e2!8m2!3d41.1026048!4d-81.4894077",Flock Camera,"Tallmadge/Home, on Tallmadge",Config 2,
"41.102265, -81.486715",United States,"https://www.google.com/maps/place/41%C2%B006'08.2%22N+81%C2%B029'12.2%22W/@41.1022667,-81.4876352,18z/data=!3m1!4b1!4m6!3m5!1s0x0:0x38cd8b97695ec15b!7e2!8m2!3d41.1022646!4d-81.4867146",Flock Camera,"Tallmadge/Home, on Tallmadge",Config 2,
"41.092282, -81.546214",United States,"https://www.google.com/maps/place/41%C2%B005'32.2%22N+81%C2%B032'46.4%22W/@41.092282,-81.5468663,18z/data=!3m1!4b1!4m6!3m5!1s0x0:0xa8712382f055bb85!7e2!8m2!3d41.0922817!4d-81.5462144",Flock Camera,Delia/Exchange Street,Config 1,
"41.066279, -81.467227",United States,"https://www.google.com/maps/place/41%C2%B003'58.6%22N+81%C2%B028'02.0%22W/@41.066279,-81.4683495,19z/data=!3m1!4b1!4m14!1m7!3m6!1s0x8831290ad9a4bd01:0x6027c9a04d631654!2sBauer+Blvd,+Akron,+OH+44305!3b1!8m2!3d41.0658695!4d-81.4691411!3m5!1s0x0:0xf838f579b2721857!7e2!8m2!3d41.0662792!4d-81.4672275",Flock Camera,Bauer/Brittain,Unknown,
"41.046563, -81.570276",United States,"https://www.google.com/maps/place/41%C2%B002'47.6%22N+81%C2%B034'13.0%22W/@41.046563,-81.5713328,295m/data=!3m2!1e3!4b1!4m13!1m8!3m7!1s0x8830d42c0d9ec3a1:0x896fd6c0e4d02df1!2sBattles+Ave,+Akron,+OH+44314!3b1!8m2!3d41.0466301!4d-81.5640481!16s%2Fg%2F1tmcmwsv!3m3!8m2!3d41.046563!4d-81.570276",Flock Camera,East Ave/Battle Ave,Config 2,
"41.083783, -81.569590",United States,"https://www.google.com/maps/place/41%C2%B005'01.6%22N+81%C2%B034'10.5%22W/@41.083784,-81.5701372,19z/data=!3m1!4b1!4m4!3m3!8m2!3d41.083783!4d-81.56959",Flock Camera,Hawkins/Copley,Config 1,
"41.083864, -81.569164",United States,"https://www.google.com/maps/place/41%C2%B005'01.9%22N+81%C2%B034'09.0%22W/@41.083865,-81.5697112,19z/data=!3m1!4b1!4m4!3m3!8m2!3d41.083864!4d-81.569164",Flock Camera,Hawkins/Copley,Config 1,
"41.043850, -81.557247",United States,"https://www.google.com/maps/place/41%C2%B002'37.9%22N+81%C2%B033'26.1%22W/@41.0438517,-81.5581942,18z/data=!3m1!4b1!4m4!3m3!8m2!3d41.04385!4d-81.557247",Flock Camera,Kenmore/13th st,Config 2,
"41.091595, -81.532009",United States,"https://www.google.com/maps/place/41%C2%B005'29.7%22N+81%C2%B031'55.2%22W/@41.091596,-81.5325562,299m/data=!3m2!1e3!4b1!4m4!3m3!8m2!3d41.091595!4d-81.532009",Flock Camera,"Market, Circle K, near IPromise",Config 2,
"41.089984, -81.527719",United States,"https://www.google.com/maps/place/41%C2%B005'23.9%22N+81%C2%B031'39.8%22W/@41.089985,-81.5282662,299m/data=!3m2!1e3!4b1!4m4!3m3!8m2!3d41.089984!4d-81.527719",Flock Camera,"Market, Drive Motocross, near IPromise",Config 2,
"41.090982, -81.528671",United States,"https://www.google.com/maps/place/41%C2%B005'27.5%22N+81%C2%B031'43.2%22W/@41.090983,-81.5292182,299m/data=!3m2!1e3!4b1!4m4!3m3!8m2!3d41.090982!4d-81.528671",Flock Camera,"North, Valley St, near IPromise.",Config 1,
"41.070855, -81.487075",United States,"https://www.google.com/maps/place/41%C2%B004'15.1%22N+81%C2%B029'13.5%22W/@41.0710828,-81.4872587,299m/data=!3m1!1e3!4m4!3m3!8m2!3d41.070855!4d-81.487075!5m1!1e4",Flock Camera,"Case Ave, Facing Bank/Case/Eastland/Newton",Unknown,
"41.073250, -81.484226",United States,"https://www.google.com/maps/place/41%C2%B004'23.7%22N+81%C2%B029'03.2%22W/@41.073251,-81.4847732,299m/data=!3m2!1e3!4b1!4m4!3m3!8m2!3d41.07325!4d-81.484226!5m1!1e4",Flock Camera,"Case Ave, Bank St Intersection",Config 1,
"41.039944, -81.526739",United States,"https://www.google.com/maps/place/41%C2%B002'23.8%22N+81%C2%B031'36.3%22W/@41.039945,-81.5272862,19z/data=!3m1!4b1!4m4!3m3!8m2!3d41.039944!4d-81.526739!5m1!1e4",Flock Camera,"S Main, Wilbeth",Unknown,
"41.072914,-81.4512547",United States,"https://www.google.com/maps/place/41%C2%B004'22.5%22N+81%C2%B027'02.2%22W/@41.072914,-81.4512547,280m/data=!3m2!1e3!4b1!4m12!1m7!3m6!1s0x88312918b16412ed:0x2b71289a23df4ae3!2sGoodyear+Heights+Metro+Park!8m2!3d41.0788777!4d-81.4504768!16s%2Fg%2F1tx_6_tn!3m3!8m2!3d41.072914!4d-81.450611?entry=ttu",Flock Camera,Entrance to Goodyear Heights Metro Park,Config 1,
"41.09725, -81.545444",United States,"https://www.google.com/maps/place/41%C2%B005'50.1%22N+81%C2%B032'43.6%22W/@41.097258,-81.5466497,295m/data=!3m2!1e3!4b1!4m13!1m8!3m7!1s0x8830d7b10dcf39e1:0x4ae65da425b0f162!2sN+Portage+Path+%26+W+Market+St,+Akron,+OH+44303!3b1!8m2!3d41.097363!4d-81.5453872!16s%2Fg%2F11h9_nj087!3m3!8m2!3d41.097257!4d-81.545432?entry=ttu&g_ep=EgoyMDI0MDgyOC4wIKXMDSoASAFQAw%3D%3D",Flock Camera,Portage Path/W Market St #1,Config 2,
"41.097556, -81.545556",United States,"https://www.google.com/maps/place/41%C2%B005'51.1%22N+81%C2%B032'44.0%22W/@41.09754,-81.5462057,295m/data=!3m2!1e3!4b1!4m4!3m3!8m2!3d41.097539!4d-81.545562?entry=ttu&g_ep=EgoyMDI0MDgyOC4wIKXMDSoASAFQAw%3D%3D",Flock Camera,Portage Path/W Market St #2,Config 2,
"41.09725, -81.54525",United States,"https://www.google.com/maps/place/41%C2%B005'50.1%22N+81%C2%B032'42.9%22W/@41.097239,-81.5458837,295m/data=!3m2!1e3!4b1!4m4!3m3!8m2!3d41.097238!4d-81.54524?entry=ttu&g_ep=EgoyMDI0MDkwNC4wIKXMDSoASAFQAw%3D%3D",Flock Camera,Portage Path/W Market St #3,Config 3,
"41.096917, -81.544056",United States,"https://www.google.com/maps/place/41%C2%B005'48.9%22N+81%C2%B032'38.6%22W/@41.096918,-81.5447037,295m/data=!3m2!1e3!4b1!4m4!3m3!8m2!3d41.096917!4d-81.54406?entry=ttu&g_ep=EgoyMDI0MDkwNC4wIKXMDSoASAFQAw%3D%3D",Flock Camera,Portage Path/W Market St #4,Config 2,
"41.12275, -81.523972",United States,"https://www.google.com/maps/place/41%C2%B007'21.9%22N+81%C2%B031'26.3%22W/@41.122753,-81.5246147,295m/data=!3m2!1e3!4b1!4m12!1m7!3m6!1s0x8830d7c9e17c1933:0xb6824a497a6002cd!2sHimelright+Lodge!8m2!3d41.1226768!4d-81.5248413!16s%2Fg%2F11sx3vqj3s!3m3!8m2!3d41.122752!4d-81.523971?entry=ttu&g_ep=EgoyMDI0MDkwNC4wIKXMDSoASAFQAw%3D%3D",Flock Camera,Himelright Lodge/Cuyahoga St #1,Config 1,
"41.139028, -81.537139",United States,"https://www.google.com/maps/place/41%C2%B008'20.5%22N+81%C2%B032'13.7%22W/@41.139026,-81.5377947,295m/data=!3m2!1e3!4b1!4m12!1m7!3m6!1s0x8830d822e16a7cd7:0x19ffb1a2dd081f3b!2sTimber+Top+Apartments+%26+Townhomes!8m2!3d41.138967!4d-81.54019!16s%2Fg%2F1v3knq9p!3m3!8m2!3d41.139025!4d-81.537151?entry=ttu&g_ep=EgoyMDI0MDkyOS4wIKXMDSoASAFQAw%3D%3D",Flock Camera,Timbertop #1,Config 1,
"41.138556, -81.540722",United States,"https://www.google.com/maps/place/41%C2%B008'18.8%22N+81%C2%B032'26.6%22W/@41.138543,-81.5413587,295m/data=!3m2!1e3!4b1!4m4!3m3!8m2!3d41.138542!4d-81.540715?entry=ttu&g_ep=EgoyMDI0MDkyOS4wIKXMDSoASAFQAw%3D%3D",Flock Camera,Timbertop #2,Config 1,
"41.138611, -81.541",United States,"https://www.google.com/maps/place/41%C2%B008'19.0%22N+81%C2%B032'27.6%22W/@41.138608,-81.5416457,295m/data=!3m2!1e3!4b1!4m4!3m3!8m2!3d41.138607!4d-81.541002?entry=ttu&g_ep=EgoyMDI0MDkyOS4wIKXMDSoASAFQAw%3D%3D",Flock Camera,Timbertop #3,Config 1,
"41.101806,-81.466167",United States,"https://www.google.com/maps/place/41%C2%B006'06.5%22N+81%C2%B027'58.2%22W/@41.101807,-81.4668107,287m/data=!3m2!1e3!4b1!4m4!3m3!8m2!3d41.101806!4d-81.466167?entry=ttu&g_ep=EgoyMDI0MTEwNi4wIKXMDSoASAFQAw%3D%3D",Flock Camera,Brittain/Tallmadge #4,Config 2,
